<?xml version="1.0" encoding="UTF-8"?>
<project-private xmlns="http://www.netbeans.org/ns/project-private/1">
    <editor-bookmarks xmlns="http://www.netbeans.org/ns/editor-bookmarks/2" lastBookmarkId="0"/>
    <open-files xmlns="http://www.netbeans.org/ns/projectui-open-files/2">
        <group>
            <file>file:/C:/Users/Rosario/Desktop/Programación%20Java/POO/Carlos%20Ríos/Códigos%20de%20clases/Laboratorio01/src/ar/org/centro8/curso/java/test/AutoTest.java</file>
            <file>file:/C:/Users/Rosario/Desktop/Programación%20Java/POO/Carlos%20Ríos/Códigos%20de%20clases/Laboratorio01/src/ar/org/centro8/curso/java/entities/AutoClasico.java</file>
            <file>file:/C:/Users/Rosario/Desktop/Programación%20Java/POO/Carlos%20Ríos/Códigos%20de%20clases/Laboratorio01/src/ar/org/centro8/curso/java/entities/Radio.java</file>
            <file>file:/C:/Users/Rosario/Desktop/Programación%20Java/POO/Carlos%20Ríos/Códigos%20de%20clases/Laboratorio01/src/ar/org/centro8/curso/java/entities/Auto.java</file>
            <file>file:/C:/Users/Rosario/Desktop/Programación%20Java/POO/Carlos%20Ríos/Códigos%20de%20clases/Laboratorio01/src/ar/org/centro8/curso/java/entities/AutoNuevo.java</file>
        </group>
    </open-files>
</project-private>
